{"name":"104148db-b5e3-4e70-8db4-8b9090f62a2e","id":"/providers/Microsoft.Flow/flows/104148db-b5e3-4e70-8db4-8b9090f62a2e","type":"Microsoft.Flow/flows","properties":{"apiId":"/providers/Microsoft.PowerApps/apis/shared_logicflows","displayName":"Realtime Refresh Dataset","definition":{"metadata":{"workflowEntityId":null,"processAdvisorMetadata":null,"flowChargedByPaygo":null,"flowclientsuspensionreason":"None","flowclientsuspensiontime":null,"flowclientsuspensionreasondetails":null,"creator":{"id":"57ef2910-bbc9-4016-9ffd-031b63ee6c89","type":"User","tenantId":"d7b95ec4-9a7f-4260-b2e3-eb53f0ac8401"},"provisioningMethod":"FromDefinition","failureAlertSubscription":true,"clientLastModifiedTime":"2024-06-14T00:44:42.6728316Z","connectionKeySavedTimeKey":"2024-06-14T00:44:42.6728316Z"},"$schema":"https://schema.management.azure.com/providers/Microsoft.Logic/schemas/2016-06-01/workflowdefinition.json#","contentVersion":"1.0.0.0","parameters":{"$authentication":{"defaultValue":{},"type":"SecureObject"},"$connections":{"defaultValue":{},"type":"Object"}},"triggers":{"When_an_item_is_created_or_modified":{"recurrence":{"frequency":"Minute","interval":1},"splitOn":"@triggerOutputs()?['body/value']","type":"OpenApiConnection","inputs":{"parameters":{"dataset":"https://acmindonesia.sharepoint.com/sites/SadewaixApprovals","table":"645357f7-59e5-4bf5-8d7c-b478f2d1bc89"},"host":{"apiId":"/providers/Microsoft.PowerApps/apis/shared_sharepointonline","connectionName":"shared_sharepointonline","operationId":"GetOnUpdatedItems"},"authentication":"@parameters('$authentication')"}}},"actions":{"Refresh_a_dataset":{"runAfter":{},"type":"OpenApiConnection","inputs":{"parameters":{"groupid":"4fe1627e-ff10-4cf0-ac3d-bbb80d07db8b","datasetid":"0537d029-afef-4850-895d-8e8e46904e2e"},"host":{"apiId":"/providers/Microsoft.PowerApps/apis/shared_powerbi","connectionName":"shared_powerbi","operationId":"RefreshDataset"},"authentication":"@parameters('$authentication')"}}},"outputs":{}},"connectionReferences":{"shared_sharepointonline":{"connectionName":"0823c6925f484c15a112b91c35a152c5","source":"Embedded","id":"/providers/Microsoft.PowerApps/apis/shared_sharepointonline","tier":"NotSpecified"},"shared_powerbi":{"connectionName":"shared-powerbi-7cd2ab67-9cca-49ef-9081-1381fb791b5f","source":"Embedded","id":"/providers/Microsoft.PowerApps/apis/shared_powerbi","tier":"NotSpecified"}},"flowFailureAlertSubscribed":false,"isManaged":false}}