{"name":"41d98bc2-7179-45e0-b1ae-4fae82040bfc","id":"/providers/Microsoft.Flow/flows/41d98bc2-7179-45e0-b1ae-4fae82040bfc","type":"Microsoft.Flow/flows","properties":{"apiId":"/providers/Microsoft.PowerApps/apis/shared_logicflows","displayName":"SMART APPROVAL APPS ","definition":{"metadata":{"workflowEntityId":null,"processAdvisorMetadata":null,"flowChargedByPaygo":null,"flowclientsuspensionreason":"None","flowclientsuspensiontime":null,"flowclientsuspensionreasondetails":null,"creator":{"id":"8b3b48dc-890c-46b8-ae15-985fd638533f","type":"User","tenantId":"d7b95ec4-9a7f-4260-b2e3-eb53f0ac8401"},"provisioningMethod":"FromDefinition","failureAlertSubscription":true,"clientLastModifiedTime":"2024-06-13T17:45:09.1317567Z","connectionKeySavedTimeKey":"2024-06-13T17:45:09.1317567Z"},"$schema":"https://schema.management.azure.com/providers/Microsoft.Logic/schemas/2016-06-01/workflowdefinition.json#","contentVersion":"1.0.0.0","parameters":{"$authentication":{"defaultValue":{},"type":"SecureObject"},"$connections":{"defaultValue":{},"type":"Object"}},"triggers":{"When_a_new_item_is_created":{"recurrence":{"frequency":"Minute","interval":1},"splitOn":"@triggerOutputs()?['body/value']","metadata":{"operationMetadataId":"4f2f7dae-77ee-43f9-ba21-00679f5de8b4"},"type":"OpenApiConnection","inputs":{"parameters":{"dataset":"https://acmindonesia.sharepoint.com/sites/SadewaixApprovals","table":"645357f7-59e5-4bf5-8d7c-b478f2d1bc89"},"host":{"apiId":"/providers/Microsoft.PowerApps/apis/shared_sharepointonline","connectionName":"shared_sharepointonline","operationId":"GetOnNewItems"},"authentication":"@parameters('$authentication')"}}},"actions":{"Update_item":{"runAfter":{},"metadata":{"operationMetadataId":"3fc1f80b-ec17-4205-a998-17c43535475f"},"type":"OpenApiConnection","inputs":{"parameters":{"dataset":"https://acmindonesia.sharepoint.com/sites/SadewaixApprovals","table":"645357f7-59e5-4bf5-8d7c-b478f2d1bc89","id":"@triggerOutputs()?['body/ID']","item/Title":""},"host":{"apiId":"/providers/Microsoft.PowerApps/apis/shared_sharepointonline","connectionName":"shared_sharepointonline","operationId":"PatchItem"},"authentication":"@parameters('$authentication')"}},"Start_and_wait_for_an_approval":{"runAfter":{"Update_item":["Succeeded"]},"metadata":{"operationMetadataId":"8541b6e6-44bd-442e-93e8-45de9b911c8a"},"type":"OpenApiConnectionWebhook","inputs":{"parameters":{"approvalType":"Basic","WebhookApprovalCreationInput/title":"NOTIFIKASI PERMINTAAN: @{triggerOutputs()?['body/Title']}","WebhookApprovalCreationInput/assignedTo":"muhammad.210180190@member.maribelajar.org","WebhookApprovalCreationInput/details":"Halo Pak !\nAda yang Mengajukan \"@{body('Update_item')?['JenisPermintaan']?['Value']}\" sebagai berikut :\nNama : @{body('Update_item')?['NamaPemohon']}\nDivisi : @{triggerBody()?['PosisiJabatan']?['Value']}\nTanggal : @{triggerBody()?['TanggalPengajuan']}\nAlasan : @{triggerBody()?['Alasan']}\n\nMohon, diproses segera ya Pak !\nTerima Kasih😄. \n","WebhookApprovalCreationInput/itemLink":"@{triggerOutputs()?['body/{Link}']}","WebhookApprovalCreationInput/itemLinkDescription":"@triggerOutputs()?['body/{Name}']","WebhookApprovalCreationInput/enableNotifications":true,"WebhookApprovalCreationInput/enableReassignment":true},"host":{"apiId":"/providers/Microsoft.PowerApps/apis/shared_approvals","connectionName":"shared_approvals","operationId":"StartAndWaitForAnApproval"},"authentication":"@parameters('$authentication')"}},"Apply_to_each":{"foreach":"@outputs('Start_and_wait_for_an_approval')?['body/responses']","actions":{"Condition":{"actions":{"Inform_item_creator_of_approval":{"metadata":{"operationMetadataId":"45357559-a200-42cf-bf78-a96b1ffb22ef"},"type":"OpenApiConnection","inputs":{"parameters":{"emailMessage/To":"@triggerOutputs()?['body/Author/Email']","emailMessage/Subject":"PENGAJUAN PERMINTAAN ANDA: @{triggerOutputs()?['body/Title']} approved","emailMessage/Body":"<p>Halo, @{body('Update_item')?['NamaPemohon']}@{triggerBody()?['NamaPemohon']} </p><p>Terimakasih telah melakukan Permintaan. @{triggerBody()?['JenisPermintaan']?['Value']}@{triggerBody()?['JenisPermintaan']?['Value']} Anda pada tanggal @{body('Update_item')?['TanggalPengajuan']} </p><p>has been approved by @{items('Apply_to_each')?['responder/displayName']}.</p><p>Comments (if any): @{items('Apply_to_each')?['comments']}</p>","emailMessage/Importance":"Normal"},"host":{"apiId":"/providers/Microsoft.PowerApps/apis/shared_office365","connectionName":"shared_office365","operationId":"SendEmailV2"},"authentication":"@parameters('$authentication')"}},"Tag_as_Approved_in_the_SharePoint_list":{"runAfter":{"Inform_item_creator_of_approval":["Succeeded"]},"metadata":{"operationMetadataId":"908ca59e-df7c-402c-9063-de93f29a0f52"},"type":"OpenApiConnection","inputs":{"parameters":{"dataset":"https://acmindonesia.sharepoint.com/sites/SadewaixApprovals","table":"645357f7-59e5-4bf5-8d7c-b478f2d1bc89","id":"@triggerOutputs()?['body/ID']","item/Title":"","item/ApprovalStatus/Value":"Approved"},"host":{"apiId":"/providers/Microsoft.PowerApps/apis/shared_sharepointonline","connectionName":"shared_sharepointonline","operationId":"PatchItem"},"authentication":"@parameters('$authentication')"}}},"else":{"actions":{"Inform_item_creator_of_rejection":{"metadata":{"operationMetadataId":"3a283d98-196d-4df6-bdf3-99d9ddd36bad"},"type":"OpenApiConnection","inputs":{"parameters":{"emailMessage/To":"@triggerOutputs()?['body/Author/Email']","emailMessage/Subject":"PENGAJUAN PERMINTAAN ANDA: @{triggerOutputs()?['body/Title']} rejected","emailMessage/Body":"<p>Halo, @{body('Update_item')?['NamaPemohon']}@{triggerBody()?['NamaPemohon']}<span> \nTerimakasih telah melakukan Permintaan. </span>@{triggerBody()?['JenisPermintaan']?['Value']}@{triggerBody()?['JenisPermintaan']?['Value']} Anda pada tanggal @{body('Update_item')?['TanggalPengajuan']} </p><p>has been rejected by @{items('Apply_to_each')?['responder/displayName']}. </p><p>Comments (if any): @{items('Apply_to_each')?['comments']}</p>","emailMessage/Importance":"Normal"},"host":{"apiId":"/providers/Microsoft.PowerApps/apis/shared_office365","connectionName":"shared_office365","operationId":"SendEmailV2"},"authentication":"@parameters('$authentication')"}},"Tag_as_Rejected_in_the_SharePoint_list":{"runAfter":{"Inform_item_creator_of_rejection":["Succeeded"]},"metadata":{"operationMetadataId":"e786c128-c05f-4d96-95d7-9dc92cc3f406"},"type":"OpenApiConnection","inputs":{"parameters":{"dataset":"https://acmindonesia.sharepoint.com/sites/SadewaixApprovals","table":"645357f7-59e5-4bf5-8d7c-b478f2d1bc89","id":"@outputs('Update_item')?['body/ID']","item/Title":"","item/ApprovalStatus/Value":"Rejected"},"host":{"apiId":"/providers/Microsoft.PowerApps/apis/shared_sharepointonline","connectionName":"shared_sharepointonline","operationId":"PatchItem"},"authentication":"@parameters('$authentication')"}}}},"expression":{"equals":["@items('Apply_to_each')?['approverResponse']","Approve"]},"metadata":{"operationMetadataId":"c3180ac1-32fd-4eff-89c1-bdcc49ba9fcd"},"type":"If"}},"runAfter":{"Start_and_wait_for_an_approval_Manajer":["Succeeded"]},"metadata":{"operationMetadataId":"5d9390aa-b8e2-4344-9445-4a5bf0c53287"},"type":"Foreach"},"Start_and_wait_for_an_approval_Manajer":{"runAfter":{"Start_and_wait_for_an_approval":["Succeeded"]},"type":"OpenApiConnectionWebhook","inputs":{"parameters":{"approvalType":"BasicAwaitAll","WebhookApprovalCreationInput/title":"NOTIFIKASI PERMINTAAN DARI MANAJER","WebhookApprovalCreationInput/assignedTo":"muhammad.210180190@member.maribelajar.org","WebhookApprovalCreationInput/details":"Halo Pak !\nAda yang Mengajukan \"@{body('Update_item')?['JenisPermintaan']?['Value']}\" sebagai berikut :\nNama : @{body('Update_item')?['NamaPemohon']}\nDivisi : @{triggerBody()?['PosisiJabatan']?['Value']}\nTanggal : @{triggerBody()?['TanggalPengajuan']}\nAlasan : @{triggerBody()?['Alasan']}\n\nMohon, diproses segera ya Pak !\nTerima Kasih😄. \n","WebhookApprovalCreationInput/enableNotifications":true,"WebhookApprovalCreationInput/enableReassignment":true},"host":{"apiId":"/providers/Microsoft.PowerApps/apis/shared_approvals","connectionName":"shared_approvals","operationId":"StartAndWaitForAnApproval"},"authentication":"@parameters('$authentication')"}}},"outputs":{}},"connectionReferences":{"shared_sharepointonline":{"connectionName":"shared-sharepointonl-a5b51931-a347-4581-ada3-8a5dd700b7b6","source":"Embedded","id":"/providers/Microsoft.PowerApps/apis/shared_sharepointonline","tier":"NotSpecified"},"shared_approvals":{"connectionName":"shared-approvals-6d3fb72a-ffa5-416f-b9b1-28f247e21e95","source":"Embedded","id":"/providers/Microsoft.PowerApps/apis/shared_approvals","tier":"NotSpecified"},"shared_office365":{"connectionName":"shared-office365-e4e90330-5c46-4ded-891b-ba28cfde689e","source":"Embedded","id":"/providers/Microsoft.PowerApps/apis/shared_office365","tier":"NotSpecified"}},"flowFailureAlertSubscribed":false,"isManaged":false}}